{ "lnil-air-flow": 59906, "lnil-air": 59907, "lnil-cloud-moon": 59908, "lnil-cloud-sun": 59909, "lnil-cloud-alt": 59910, "lnil-cloudy-sun": 59911, "lnil-cloud-alt-2": 59912, "lnil-drop": 59913, "lnil-farenheit": 59914, "lnil-moon-star": 59915, "lnil-cloud": 59916, "lnil-night-thunder": 59917, "lnil-drop-alt": 59918, "lnil-night": 59919, "lnil-rain": 59920, "lnil-snowfall": 59921, "lnil-sun-rain": 59922, "lnil-sun": 59923, "lnil-thunder-alt": 59924, "lnil-thunder": 59925, "lnil-umbrella-alt": 59926, "lnil-umbrella-rain-alt": 59927, "lnil-umbrella-rain": 59928, "lnil-umbrella": 59929, "lnil-water-drops": 59930, "lnil-wind-cloud": 59931, "lnil-wind-sun": 59932, "lnil-cloud-alt-1": 59933, "lnil-night-wind": 59934, "lnil-moon": 59935, "lnil-beach-chair": 59936, "lnil-beach": 59937, "lnil-hot-air-baloon": 59938, "lnil-cable-car": 59939, "lnil-suitcase-alt": 59940, "lnil-suitcase": 59941, "lnil-surf-board": 59942, "lnil-tent-alt": 59943, "lnil-tent": 59944, "lnil-travel": 59945, "lnil-pyramids": 59946, "lnil-flight-search": 59947, "lnil-beachball": 59948, "lnil-3d": 59949, "lnil-Mobile": 59950, "lnil-alarm-2": 59951, "lnil-alarm-3": 59952, "lnil-alarm-4": 59953, "lnil-alarm-clock-alt": 59954, "lnil-add-files": 59955, "lnil-ai": 59956, "lnil-alarm-clock": 59957, "lnil-archive": 59958, "lnil-backspace": 59959, "lnil-ban": 59960, "lnil-battery": 59961, "lnil-block-user": 59962, "lnil-bluetooth": 59963, "lnil-bookmark-alt": 59964, "lnil-bookmark": 59965, "lnil-brightness": 59966, "lnil-bulb-alt": 59967, "lnil-bulb": 59968, "lnil-calendar": 59969, "lnil-calender-alt-1": 59970, "lnil-calender-alt-2": 59971, "lnil-calender-alt-3": 59972, "lnil-calender-alt-4": 59973, "lnil-calender-alt": 59974, "lnil-camera-alt-1": 59975, "lnil-camera-alt": 59976, "lnil-camera": 59977, "lnil-change": 59978, "lnil-charging": 59979, "lnil-cloud-check-alt": 59980, "lnil-cloud-check": 59981, "lnil-cloud-computing-alt": 59982, "lnil-cloud-computing": 59983, "lnil-Website": 59984, "lnil-alarm": 59985, "lnil-cloud-network-alt": 59986, "lnil-cloud-network": 59987, "lnil-cloud-search-1": 59988, "lnil-cloud-search-2": 59989, "lnil-cloud-search": 59990, "lnil-cloud-sync-alt": 59991, "lnil-cloud-sync": 59992, "lnil-cloud-download-alt": 59993, "lnil-cloud-download": 59994, "lnil-appointment": 59995, "lnil-cloud-upload-alt": 59996, "lnil-cloud-upload": 59997, "lnil-code-alt": 59998, "lnil-code": 59999, "lnil-cog": 60000, "lnil-cogs": 60001, "lnil-control-panel": 60002, "lnil-copy": 60003, "lnil-cut": 60004, "lnil-dashboard": 60005, "lnil-database": 60006, "lnil-display-alt": 60007, "lnil-display": 60008, "lnil-domain": 60009, "lnil-download": 60010, "lnil-empty-battery": 60011, "lnil-empty-file": 60012, "lnil-file-download": 60013, "lnil-file-lock": 60014, "lnil-file-name": 60015, "lnil-file-protection": 60016, "lnil-file-upload": 60017, "lnil-files-alt": 60018, "lnil-files": 60019, "lnil-folder-alt-1": 60020, "lnil-folder-alt": 60021, "lnil-folder": 60022, "lnil-full-battery": 60023, "lnil-game": 60024, "lnil-half-battery": 60025, "lnil-harddrive": 60026, "lnil-headphone-alt": 60027, "lnil-headphone": 60028, "lnil-laptop-alt-switch": 60029, "lnil-laptop-alt": 60030, "lnil-laptop-phone": 60031, "lnil-laptop": 60032, "lnil-link-alt-1": 60033, "lnil-link-alt": 60034, "lnil-link": 60035, "lnil-low-battery": 60036, "lnil-magnet": 60037, "lnil-magnifier": 60038, "lnil-map-marker": 60039, "lnil-map": 60040, "lnil-menu-alt-1": 60041, "lnil-menu-alt-2": 60042, "lnil-menu-alt-3": 60043, "lnil-menu-alt-4": 60044, "lnil-menu-alt-5": 60045, "lnil-menu-alt": 60046, "lnil-menu-circle": 60047, "lnil-menu": 60048, "lnil-mic": 60049, "lnil-microphone-alt-1": 60050, "lnil-microphone-alt": 60051, "lnil-microphone": 60052, "lnil-mobile-alt-1": 60053, "lnil-mobile-alt-2": 60054, "lnil-mobile-alt-button": 60055, "lnil-mouse": 60056, "lnil-no-charge-battery": 60057, "lnil-package": 60058, "lnil-plug": 60059, "lnil-presentation": 60060, "lnil-printer": 60061, "lnil-ps": 60062, "lnil-recycle-alt": 60063, "lnil-image": 60064, "lnil-reload-alt-box": 60065, "lnil-reload-alt": 60066, "lnil-reload": 60067, "lnil-recycle": 60068, "lnil-rocket": 60069, "lnil-rss-feed": 60070, "lnil-save-alt": 60071, "lnil-save": 60072, "lnil-scan": 60073, "lnil-scroll-down": 60074, "lnil-search-alt": 60075, "lnil-search": 60076, "lnil-share-alt": 60077, "lnil-share": 60078, "lnil-shopping-basket": 60079, "lnil-shortcode": 60080, "lnil-signal": 60081, "lnil-laptop-alt-keyboard": 60082, "lnil-star-fill": 60083, "lnil-star-half": 60084, "lnil-star": 60085, "lnil-tab": 60086, "lnil-tap": 60087, "lnil-thumbnail": 60088, "lnil-timer": 60089, "lnil-trash-can-alt-1": 60090, "lnil-trash-can-alt": 60091, "lnil-trash-can": 60092, "lnil-trash": 60093, "lnil-unlink": 60094, "lnil-upload": 60095, "lnil-user-alt-1": 60096, "lnil-user-alt-2": 60097, "lnil-user-alt": 60098, "lnil-user": 60099, "lnil-users-alt": 60100, "lnil-users": 60101, "lnil-website-alt": 60102, "lnil-zip": 60103, "lnil-zoom-in": 60104, "lnil-zoom-out": 60105, "lnil-star-empty": 60106, "lnil-remove-file": 60107, "lnil-keyboard": 60108, "lnil-hourglass": 60109, "lnil-spinner-1": 60110, "lnil-spinner-10": 60111, "lnil-spinner-11": 60112, "lnil-spinner-2": 60113, "lnil-spinner-3": 60114, "lnil-spinner-4": 60115, "lnil-spinner-5": 60116, "lnil-spinner-9": 60117, "lnil-spinner-7": 60118, "lnil-spinner-8": 60119, "lnil-spinner-6": 60120, "lnil-angry": 60121, "lnil-bored": 60122, "lnil-cry": 60123, "lnil-cute": 60124, "lnil-dead": 60125, "lnil-emoji-cool": 60126, "lnil-emoji-friendly": 60127, "lnil-emoji-happy": 60128, "lnil-emoji-sad": 60129, "lnil-emoji-smile": 60130, "lnil-emoji-speechless": 60131, "lnil-emoji-suspect": 60132, "lnil-emoji-tounge": 60133, "lnil-happy-1": 60134, "lnil-happy-2": 60135, "lnil-happy-smile": 60136, "lnil-kiss-2": 60137, "lnil-kiss": 60138, "lnil-love": 60139, "lnil-loved-surprise": 60140, "lnil-mute": 60141, "lnil-piss": 60142, "lnil-sick-1": 60143, "lnil-sick": 60144, "lnil-sleep": 60145, "lnil-super-cool": 60146, "lnil-super-happy": 60147, "lnil-wink": 60148, "lnil-wow": 60149, "lnil-yawn": 60150, "lnil-cool-1": 60151, "lnil-cool-3": 60152, "lnil-cool-kiss": 60153, "lnil-cotton-bud": 60154, "lnil-crown": 60155, "lnil-cup-alt": 60156, "lnil-crown-alt": 60157, "lnil-gift-alt-1": 60158, "lnil-crown-alt-2": 60159, "lnil-cup": 60160, "lnil-gift-bag": 60161, "lnil-gift": 60162, "lnil-gift-alt": 60163, "lnil-ladies-tshirt": 60164, "lnil-crown-alt-1": 60165, "lnil-sunglass": 60166, "lnil-thought": 60167, "lnil-tshirt-alt-1": 60168, "lnil-tshirt-alt": 60169, "lnil-home": 60170, "lnil-glasses": 60171, "lnil-tshirt": 60172, "lnil-baloon-alt-1": 60173, "lnil-baloon-alt": 60174, "lnil-baloon": 60175, "lnil-candle-alt": 60176, "lnil-candy-cane": 60177, "lnil-candy": 60178, "lnil-confetti": 60179, "lnil-firecracker": 60180, "lnil-fireworks": 60181, "lnil-flags": 60182, "lnil-mask": 60183, "lnil-spray": 60184, "lnil-wand": 60185, "lnil-birthday-hat": 60186, "lnil-candle": 60187, "lnil-cake": 60188, "lnil-bug-alt": 60189, "lnil-bug": 60190, "lnil-flower": 60191, "lnil-island": 60192, "lnil-leaf-alt-1": 60193, "lnil-leaf-alt": 60194, "lnil-leaf": 60195, "lnil-leaves": 60196, "lnil-mashroom": 60197, "lnil-mountain": 60198, "lnil-mushroom-alt": 60199, "lnil-mushrooms": 60200, "lnil-plant-pot": 60201, "lnil-plant": 60202, "lnil-sprout-alt": 60203, "lnil-sprout": 60204, "lnil-tornado": 60205, "lnil-tree-alt-1": 60206, "lnil-tree-alt": 60207, "lnil-tree": 60208, "lnil-trees-alt-1": 60209, "lnil-trees-alt": 60210, "lnil-trees": 60211, "lnil-flower-alt": 60212, "lnil-cactus-alt": 60213, "lnil-cactus": 60214, "lnil-bank": 60215, "lnil-calculator-alt": 60216, "lnil-calculator": 60217, "lnil-coin": 60218, "lnil-diamond-alt": 60219, "lnil-diamond": 60220, "lnil-dollar-card": 60221, "lnil-credit-cards": 60222, "lnil-dollar-down": 60223, "lnil-dollar-up": 60224, "lnil-euro-card": 60225, "lnil-dollar": 60226, "lnil-euro-coin": 60227, "lnil-euro-down": 60228, "lnil-euro-up": 60229, "lnil-euro": 60230, "lnil-gold-bar": 60231, "lnil-mobile-coin-taka": 60232, "lnil-mobile-coin": 60233, "lnil-money-bag": 60234, "lnil-money-location": 60235, "lnil-money-protection": 60236, "lnil-pound-card": 60237, "lnil-pound-coin": 60238, "lnil-pound-down": 60239, "lnil-pound-up": 60240, "lnil-pound": 60241, "lnil-rupee-card": 60242, "lnil-rupee-coin": 60243, "lnil-rupee-down": 60244, "lnil-rupee-up": 60245, "lnil-rupee": 60246, "lnil-taka-card": 60247, "lnil-taka-coin": 60248, "lnil-taka-down": 60249, "lnil-taka-up": 60250, "lnil-taka": 60251, "lnil-wallet-alt-1": 60252, "lnil-wallet": 60253, "lnil-yen-card": 60254, "lnil-yen-coin": 60255, "lnil-yen-down": 60256, "lnil-yen-up": 60257, "lnil-yen": 60258, "lnil-coins": 60259, "lnil-credit-card": 60260, "lnil-backward-alt": 60261, "lnil-backward": 60262, "lnil-forward": 60263, "lnil-frame-expand": 60264, "lnil-film": 60265, "lnil-gallery": 60266, "lnil-next": 60267, "lnil-pause": 60268, "lnil-play": 60269, "lnil-previous": 60270, "lnil-repeat-one": 60271, "lnil-shuffle": 60272, "lnil-slideshow": 60273, "lnil-stop": 60274, "lnil-video-alt-1": 60275, "lnil-video-alt": 60276, "lnil-video-camera-alt-1": 60277, "lnil-video-camera-alt-2": 60278, "lnil-video-camera-alt": 60279, "lnil-video-cut": 60280, "lnil-video": 60281, "lnil-volume-high": 60282, "lnil-volume-low": 60283, "lnil-volume-medium": 60284, "lnil-volume-mute": 60285, "lnil-volume": 60286, "lnil-full-screen": 60287, "lnil-expand-alt-1": 60288, "lnil-fast-forward": 60289, "lnil-analytics": 60290, "lnil-bar-chart": 60291, "lnil-graph-alt-1": 60292, "lnil-graph-alt-2": 60293, "lnil-graph-alt-3": 60294, "lnil-graph-alt-4": 60295, "lnil-graph-alt": 60296, "lnil-graph-decrease": 60297, "lnil-graph-increase": 60298, "lnil-invest-monitor": 60299, "lnil-keyword-research": 60300, "lnil-network-alt": 60301, "lnil-network": 60302, "lnil-pyramid-decrease": 60303, "lnil-pyramid-increase": 60304, "lnil-pyramid": 60305, "lnil-rook": 60306, "lnil-seo": 60307, "lnil-strategy": 60308, "lnil-target-audience-alt": 60309, "lnil-target-customer": 60310, "lnil-website-rank": 60311, "lnil-bar-check": 60312, "lnil-billboard-alt": 60313, "lnil-billboard": 60314, "lnil-barrier": 60315, "lnil-bolt-alt": 60316, "lnil-checkmark": 60317, "lnil-check-box": 60318, "lnil-circle-plus": 60319, "lnil-circle-minus": 60320, "lnil-cross-circle": 60321, "lnil-electricity": 60322, "lnil-eye-alt": 60323, "lnil-eye": 60324, "lnil-find": 60325, "lnil-flag-alt": 60326, "lnil-flag": 60327, "lnil-funnel-alt-1": 60328, "lnil-funnel-alt": 60329, "lnil-funnel": 60330, "lnil-hand": 60331, "lnil-heart-filled": 60332, "lnil-heart-plus": 60333, "lnil-heart": 60334, "lnil-help": 60335, "lnil-hotel-sign": 60336, "lnil-idea-alt": 60337, "lnil-identity": 60338, "lnil-infinite": 60339, "lnil-information": 60340, "lnil-invention": 60341, "lnil-key-alt-1": 60342, "lnil-key-alt-2": 60343, "lnil-key-alt-3": 60344, "lnil-key-alt": 60345, "lnil-key": 60346, "lnil-life-ring": 60347, "lnil-list-alt-1": 60348, "lnil-list-alt": 60349, "lnil-list": 60350, "lnil-lock-alt-1": 60351, "lnil-lock-alt-2": 60352, "lnil-lock-alt": 60353, "lnil-lock": 60354, "lnil-minus": 60355, "lnil-more-alt-1": 60356, "lnil-more-alt": 60357, "lnil-more": 60358, "lnil-music-note": 60359, "lnil-music": 60360, "lnil-notification": 60361, "lnil-passport-alt": 60362, "lnil-passport": 60363, "lnil-playlist-alt": 60364, "lnil-playlist": 60365, "lnil-plus": 60366, "lnil-pointer": 60367, "lnil-power-switch": 60368, "lnil-protection": 60369, "lnil-question-circle": 60370, "lnil-radio-button": 60371, "lnil-record": 60372, "lnil-round-box-check": 60373, "lnil-round-box-cross": 60374, "lnil-round-box-minus": 60375, "lnil-round-box-plus": 60376, "lnil-shield": 60377, "lnil-sort": 60378, "lnil-switch": 60379, "lnil-teabag": 60380, "lnil-thumbs-down-alt": 60381, "lnil-thumbs-down": 60382, "lnil-thumbs-up-alt": 60383, "lnil-thumbs-up": 60384, "lnil-thunderbolt": 60385, "lnil-ticket-alt-1": 60386, "lnil-ticket-alt-2": 60387, "lnil-ticket-alt-3": 60388, "lnil-ticket-alt": 60389, "lnil-ticket": 60390, "lnil-unlock": 60391, "lnil-warning": 60392, "lnil-checkmark-circle": 60393, "lnil-close": 60394, "lnil-bolt": 60395, "lnil-ambulance-alt-1": 60396, "lnil-ambulance-alt": 60397, "lnil-brain-alt": 60398, "lnil-basketball": 60399, "lnil-bone": 60400, "lnil-ambulance": 60401, "lnil-broken-bone": 60402, "lnil-brain-check": 60403, "lnil-brain": 60404, "lnil-capsule": 60405, "lnil-capsules": 60406, "lnil-cardiology": 60407, "lnil-diagnosis-alt": 60408, "lnil-diagnosis": 60409, "lnil-dna": 60410, "lnil-dropper-alt-1": 60411, "lnil-dropper-alt-2": 60412, "lnil-dropper-alt": 60413, "lnil-dropper": 60414, "lnil-dumbbell": 60415, "lnil-eye-test": 60416, "lnil-female": 60417, "lnil-first-aid": 60418, "lnil-gluten-free": 60419, "lnil-heart-check": 60420, "lnil-heart-monitor": 60421, "lnil-heartrate-monitor": 60422, "lnil-hospital-alt-1": 60423, "lnil-hospital-alt-2": 60424, "lnil-hospital-alt-3": 60425, "lnil-hospital-alt-4": 60426, "lnil-hospital-alt": 60427, "lnil-hospital-bed-alt-1": 60428, "lnil-hospital-bed-alt-2": 60429, "lnil-hospital-bed-alt": 60430, "lnil-hospital-bed": 60431, "lnil-hospital-location": 60432, "lnil-hospital-sign": 60433, "lnil-hospital": 60434, "lnil-kettlebell": 60435, "lnil-lungs": 60436, "lnil-male": 60437, "lnil-medical-briefcase-alt": 60438, "lnil-medical-briefcase": 60439, "lnil-medical-protection": 60440, "lnil-medical-sign": 60441, "lnil-medicine-alt": 60442, "lnil-medicine-bottle": 60443, "lnil-medicine": 60444, "lnil-microscope": 60445, "lnil-pulse": 60446, "lnil-report-laptop": 60447, "lnil-saline-alt-1": 60448, "lnil-saline-alt": 60449, "lnil-saline": 60450, "lnil-skipping-rope": 60451, "lnil-slim": 60452, "lnil-sthethoscope": 60453, "lnil-syringe": 60454, "lnil-test-tube-alt": 60455, "lnil-test-tube": 60456, "lnil-thermometer-alt": 60457, "lnil-thermometer": 60458, "lnil-tooth": 60459, "lnil-walker": 60460, "lnil-weight-machine": 60461, "lnil-weight": 60462, "lnil-wheelchair": 60463, "lnil-yoga-mat": 60464, "lnil-capsule-alt-1": 60465, "lnil-capsule-alt": 60466, "lnil-brain-check-alt": 60467, "lnil-apple-alt": 60468, "lnil-banana": 60469, "lnil-brocolli": 60470, "lnil-burger-alt-1": 60471, "lnil-burger-alt": 60472, "lnil-burger": 60473, "lnil-chef-hat-alt-1": 60474, "lnil-chef-hat-alt-2": 60475, "lnil-chef-hat-alt": 60476, "lnil-chef-hat": 60477, "lnil-chicken": 60478, "lnil-cocktail-alt-1": 60479, "lnil-cocktail-alt": 60480, "lnil-cocktail": 60481, "lnil-coffee-cup-alt": 60482, "lnil-coffee-cup": 60483, "lnil-cupcake-alt": 60484, "lnil-cupcake": 60485, "lnil-cutlery-alt-1": 60486, "lnil-cutlery-alt": 60487, "lnil-cutlery": 60488, "lnil-dinner-table": 60489, "lnil-dinner": 60490, "lnil-drumstick": 60491, "lnil-fresh-juice": 60492, "lnil-ice-cream-alt": 60493, "lnil-ice-cream": 60494, "lnil-juice": 60495, "lnil-lolypop": 60496, "lnil-meat": 60497, "lnil-pizza-alt": 60498, "lnil-pizza": 60499, "lnil-plate": 60500, "lnil-popcorn": 60501, "lnil-restaurant": 60502, "lnil-service": 60503, "lnil-silverware": 60504, "lnil-spatula": 60505, "lnil-bowl-alt": 60506, "lnil-bowl": 60507, "lnil-bowl-alt-1": 60508, "lnil-atom": 60509, "lnil-backpack-alt": 60510, "lnil-book": 60511, "lnil-blackboard": 60512, "lnil-books": 60513, "lnil-brakckets": 60514, "lnil-certificate-alt-1": 60515, "lnil-certificate-alt": 60516, "lnil-certificate": 60517, "lnil-classroom": 60518, "lnil-clipboard": 60519, "lnil-compass": 60520, "lnil-cubes": 60521, "lnil-eraser": 60522, "lnil-flask-alt-1": 60523, "lnil-flask-alt-2": 60524, "lnil-flask-alt": 60525, "lnil-flask": 60526, "lnil-graduate-alt": 60527, "lnil-graduate": 60528, "lnil-graduation": 60529, "lnil-letterblocks": 60530, "lnil-library": 60531, "lnil-medal-alt": 60532, "lnil-medal": 60533, "lnil-molecule-alt": 60534, "lnil-molecule": 60535, "lnil-pencil-alt": 60536, "lnil-pencil": 60537, "lnil-quill": 60538, "lnil-school-bench-alt": 60539, "lnil-school-bench": 60540, "lnil-sketchbook": 60541, "lnil-whiteboard-alt-1": 60542, "lnil-whiteboard-alt-2": 60543, "lnil-whiteboard-alt": 60544, "lnil-whiteboard": 60545, "lnil-world-2": 60546, "lnil-world-alt": 60547, "lnil-world": 60548, "lnil-book-alt": 60549, "lnil-write": 60550, "lnil-backpack": 60551, "lnil-books-alt": 60552, "lnil-Italic": 60553, "lnil-bold": 60554, "lnil-indent-decrease": 60555, "lnil-font": 60556, "lnil-line-dashed": 60557, "lnil-line-dotted": 60558, "lnil-line-double": 60559, "lnil-line-spacing": 60560, "lnil-page-break": 60561, "lnil-pagination": 60562, "lnil-pilcrow": 60563, "lnil-redo": 60564, "lnil-reflect": 60565, "lnil-sort-alpha-asc": 60566, "lnil-sort-amount-asc": 60567, "lnil-sort-amount-dsc": 60568, "lnil-spellcheck": 60569, "lnil-strikethrough": 60570, "lnil-text-align-center": 60571, "lnil-text-align-justify": 60572, "lnil-text-align-left": 60573, "lnil-text-align-right": 60574, "lnil-text-format-remove": 60575, "lnil-text-format": 60576, "lnil-text": 60577, "lnil-underline": 60578, "lnil-undo": 60579, "lnil-vertical-line": 60580, "lnil-height": 60581, "lnil-capital-letter": 60582, "lnil-indent-increase": 60583, "lnil-angle-double-down": 60584, "lnil-angle-double-left": 60585, "lnil-angle-double-right": 60586, "lnil-angle-double-up": 60587, "lnil-arrow-double-down": 60588, "lnil-arrow-double-right": 60589, "lnil-arrow-double-top": 60590, "lnil-arrow-down-circle": 60591, "lnil-arrow-expand-alt": 60592, "lnil-arrow-left-circle": 60593, "lnil-arrow-left": 60594, "lnil-arrow-minimize-alt": 60595, "lnil-arrow-minimize": 60596, "lnil-arrow-right-circle": 60597, "lnil-arrow-right": 60598, "lnil-arrow-top-left": 60599, "lnil-arrow-top-right": 60600, "lnil-arrow-up-circle": 60601, "lnil-arrow-expand": 60602, "lnil-arrow-double-left": 60603, "lnil-arrows-vertical": 60604, "lnil-axis": 60605, "lnil-arrow-up": 60606, "lnil-chevron-down": 60607, "lnil-chevron-left-circle": 60608, "lnil-chevron-left": 60609, "lnil-chevron-down-circle": 60610, "lnil-chevron-right": 60611, "lnil-chevron-up-circle": 60612, "lnil-chevron-right-circle": 60613, "lnil-arrow-down": 60614, "lnil-chevron-up": 60615, "lnil-direction-alt": 60616, "lnil-direction": 60617, "lnil-down-arrow-box": 60618, "lnil-down-left-arrow-box": 60619, "lnil-down-right-arrow-box": 60620, "lnil-enter": 60621, "lnil-exit-down": 60622, "lnil-exit-up": 60623, "lnil-arrows-horizontal": 60624, "lnil-direction-ltr": 60625, "lnil-direction-rtl": 60626, "lnil-exit": 60627, "lnil-left-arrow-box": 60628, "lnil-pointer-top": 60629, "lnil-right-arrow-box": 60630, "lnil-shift-left": 60631, "lnil-shift-right": 60632, "lnil-top-arrow-box": 60633, "lnil-top-left-arrow-box": 60634, "lnil-top-right-arrow-box": 60635, "lnil-pointer-down": 60636, "lnil-pointer-left": 60637, "lnil-pointer-right": 60638, "lnil-brush-alt": 60639, "lnil-brush": 60640, "lnil-grid-alt": 60641, "lnil-grid": 60642, "lnil-highlight-alt": 60643, "lnil-highlight": 60644, "lnil-image-crop": 60645, "lnil-layers-alt-": 60646, "lnil-layers-alt-1": 60647, "lnil-layers": 60648, "lnil-layout-alt-1": 60649, "lnil-layout-alt-2": 60650, "lnil-layout-alt": 60651, "lnil-layout": 60652, "lnil-magic-wand": 60653, "lnil-margin": 60654, "lnil-move": 60655, "lnil-pallet": 60656, "lnil-rotate": 60657, "lnil-scaling": 60658, "lnil-select": 60659, "lnil-size": 60660, "lnil-slice": 60661, "lnil-transform": 60662, "lnil-ux": 60663, "lnil-vector-alt": 60664, "lnil-vector-pen": 60665, "lnil-vector": 60666, "lnil-crop": 60667, "lnil-color-palette": 60668, "lnil-crop-alt": 60669, "lnil-boundary": 60670, "lnil-bricks-alt": 60671, "lnil-construction-hammer": 60672, "lnil-construction-rular": 60673, "lnil-construction": 60674, "lnil-door-alt": 60675, "lnil-door": 60676, "lnil-drill": 60677, "lnil-fence": 60678, "lnil-hammer-alt": 60679, "lnil-hammer": 60680, "lnil-helmet-alt": 60681, "lnil-helmet": 60682, "lnil-hook": 60683, "lnil-house-alt-1": 60684, "lnil-house-alt": 60685, "lnil-house-heart": 60686, "lnil-house-plan": 60687, "lnil-house": 60688, "lnil-measuring-tape": 60689, "lnil-paint-bucket": 60690, "lnil-paint-roller-alt-1": 60691, "lnil-paint-roller-alt": 60692, "lnil-paint-roller": 60693, "lnil-pipe": 60694, "lnil-ruler-alt": 60695, "lnil-ruler-pencil": 60696, "lnil-ruler": 60697, "lnil-saw-alt": 60698, "lnil-saw": 60699, "lnil-screw": 60700, "lnil-screwdriver": 60701, "lnil-shovel": 60702, "lnil-toolbox": 60703, "lnil-triangle-ruler-1": 60704, "lnil-triangle-ruler": 60705, "lnil-trowel-alt": 60706, "lnil-trowel": 60707, "lnil-wheelbarrow": 60708, "lnil-wrench": 60709, "lnil-cone": 60710, "lnil-bricks": 60711, "lnil-bulldozer": 60712, "lnil-anchor": 60713, "lnil-bi-cycle": 60714, "lnil-bubble": 60715, "lnil-boarding-pass": 60716, "lnil-bridge": 60717, "lnil-car-alt": 60718, "lnil-car": 60719, "lnil-caravan": 60720, "lnil-chat-add": 60721, "lnil-chat-minus": 60722, "lnil-comments-alt": 60723, "lnil-comments-reply": 60724, "lnil-comments": 60725, "lnil-envelope-alt": 60726, "lnil-envelope": 60727, "lnil-helicopter": 60728, "lnil-inbox": 60729, "lnil-megaphone": 60730, "lnil-message-attachement": 60731, "lnil-message-block": 60732, "lnil-message-check": 60733, "lnil-message-cross": 60734, "lnil-message-desktop": 60735, "lnil-message-edit": 60736, "lnil-message-forward": 60737, "lnil-message-incoming": 60738, "lnil-message-laptop": 60739, "lnil-message-lock": 60740, "lnil-message-love": 60741, "lnil-message-minus": 60742, "lnil-message-outgoing": 60743, "lnil-message-plus": 60744, "lnil-message-reply": 60745, "lnil-message-search": 60746, "lnil-message-share": 60747, "lnil-mobile-chat": 60748, "lnil-page": 60749, "lnil-phone-block": 60750, "lnil-phone-caling": 60751, "lnil-phone-conference": 60752, "lnil-phone-cut": 60753, "lnil-phone-forward": 60754, "lnil-phone-incoming": 60755, "lnil-phone-misscall": 60756, "lnil-phone-outgoing": 60757, "lnil-phone-pause": 60758, "lnil-phone-redial": 60759, "lnil-phone-ring": 60760, "lnil-phone-set": 60761, "lnil-phone": 60762, "lnil-plane-alt": 60763, "lnil-plane": 60764, "lnil-popup": 60765, "lnil-postcard-alt": 60766, "lnil-postcard": 60767, "lnil-reply": 60768, "lnil-road": 60769, "lnil-scooter": 60770, "lnil-ship": 60771, "lnil-support": 60772, "lnil-target-mail": 60773, "lnil-taxi": 60774, "lnil-train-alt": 60775, "lnil-train": 60776, "lnil-bullhorn": 60777, "lnil-bus": 60778, "lnil-boarding-pass-alt": 60779, "lnil-achievement": 60780, "lnil-agenda": 60781, "lnil-briefcase-alt": 60782, "lnil-apartment-alt": 60783, "lnil-apartment": 60784, "lnil-analytics-alt-1": 60785, "lnil-briefcase": 60786, "lnil-cart-alt": 60787, "lnil-cart-down": 60788, "lnil-cart-empty": 60789, "lnil-cart-full": 60790, "lnil-delivery": 60791, "lnil-desk": 60792, "lnil-customer": 60793, "lnil-graph": 60794, "lnil-grow": 60795, "lnil-hierchy-alt": 60796, "lnil-global": 60797, "lnil-hierchy": 60798, "lnil-investment": 60799, "lnil-notepad": 60800, "lnil-consulting": 60801, "lnil-office-plan": 60802, "lnil-paperclip": 60803, "lnil-cart": 60804, "lnil-offer": 60805, "lnil-pie-chart-alt": 60806, "lnil-pie-chart-dollar": 60807, "lnil-pie-chart": 60808, "lnil-pie-report": 60809, "lnil-handshake": 60810, "lnil-pin-alt": 60811, "lnil-pin": 60812, "lnil-quotation": 60813, "lnil-revenue": 60814, "lnil-stamp": 60815, "lnil-tablet-alt": 60816, "lnil-tag": 60817, "lnil-target-achievement": 60818, "lnil-table": 60819, "lnil-target-alt": 60820, "lnil-target-alt-1": 60821, "lnil-swatches": 60822, "lnil-stats-down": 60823, "lnil-stats-up": 60824, "lnil-target-revenue": 60825, "lnil-tie": 60826, "lnil-target": 60827, "lnil-licencse": 60828, "lnil-target-remove": 60829, "lnil-sales-report": 60830, "lnil-Instagram": 60831, "lnil-amazon": 60832, "lnil-amex": 60833, "lnil-bitbucket": 60834, "lnil-bitcoin": 60835, "lnil-chrome": 60836, "lnil-css3": 60837, "lnil-dribbble": 60838, "lnil-dropbox": 60839, "lnil-drupal": 60840, "lnil-facebook": 60841, "lnil-firefox": 60842, "lnil-github": 60843, "lnil-html5": 60844, "lnil-mastercard": 60845, "lnil-paypal": 60846, "lnil-play-store": 60847, "lnil-slack": 60848, "lnil-quora": 60849, "lnil-soundcloud": 60850, "lnil-spotify": 60851, "lnil-twitter": 60852, "lnil-visa": 60853, "lnil-android": 60854, "lnil-apple": 60855, "lnil-behance": 60856}